{
  "timestamp": "2026-04-14T11:06:47Z",
  "git_sha": "2209d5a",
  "hardware": "DGX Spark GB10",
  "mode": "serving",
  "num_prompts": 1000,
  "prompt_len": 128,
  "output_len": 128,
  "concurrency": 4,
  "elapsed_seconds": 454.621706173,
  "tokens_per_second": 176.93611833261224,
  "requests_per_second": 2.199631004023076,
  "error_count": 0,
  "ttft_p50_ms": 44.407,
  "ttft_p95_ms": 56.903,
  "ttft_p99_ms": 65.002,
  "e2e_p50_ms": 1813.857,
  "e2e_p95_ms": 1864.643,
  "e2e_p99_ms": 1902.231,
  "itl_p50_ms": 14.643,
  "itl_p95_ms": 29.801,
  "itl_p99_ms": 262.337
}
